zona;ra;escolas;eleitores;secoes;governador_11;governador_13;governador_16;governador_28;governador_29;governador_30;governador_36;governador_40;governador_45;governador_55;governador_80;governador_branco;governador_nulo;governador_compareceram;presidente_13;presidente_14;presidente_16;presidente_21;presidente_22;presidente_27;presidente_28;presidente_29;presidente_30;presidente_35;presidente_55;presidente_70;presidente_80;presidente_branco;presidente_nulo;presidente_compareceram
1;Plano Piloto (Asa Sul);26;76197;281;22626;24654;59;20;40;4703;55;1626;3795;109;159;1604;1816;61266;28319;1654;27;15;26996;35;1;38;381;6;2785;1389;105;582;803;63136
2;Paranoá;31;119276;339;39501;30674;100;40;33;3886;47;1968;9149;416;251;3888;4244;94197;37048;2527;51;25;44961;47;4;26;285;24;4029;2537;114;1362;1650;94690
3;Taguatinga;20;69677;248;27366;16864;33;16;19;1852;48;1166;4566;337;129;2360;2663;57419;19503;1429;26;16;30243;19;2;8;119;12;2754;1381;70;841;1143;57566
4;Santa Maria;23;101524;294;36860;22850;85;37;22;2474;43;1792;6873;632;156;4684;4314;80822;28248;1884;30;12;40935;27;0;8;114;13;4849;1896;85;1387;1648;81136
5;Sobradinho;47;132863;427;49742;34380;89;79;29;3413;72;2136;8177;467;312;4083;4761;107740;40399;2900;72;16;53654;44;5;16;226;22;4612;2765;174;1447;1976;108328
6;Planaltina;51;136925;428;50485;33739;81;54;30;2682;37;2125;8748;786;181;5178;5618;109744;40658;2543;29;19;54993;37;5;14;155;16;4929;2565;105;1688;2235;109991
8;Ceilândia;38;136259;454;51711;32565;107;35;36;2798;100;1923;8699;614;169;5129;5621;109507;39676;2368;29;10;55465;41;5;16;154;26;5175;2686;99;1748;2336;109834
9;Guará;34;134059;443;47927;36309;106;40;35;5031;106;2233;7854;426;327;3889;4564;108847;41961;2973;70;24;53179;55;4;20;359;22;4754;2971;186;1411;1900;109889
10;Núcleo Bandeirante;36;123034;349;48301;28855;87;42;27;4235;71;1815;7729;397;195;3905;4450;100109;34202;2794;44;17;52899;47;1;20;241;15;4516;2551;140;1311;1816;100614
11;Cruzeiro;17;75563;249;25764;22818;45;13;24;4158;61;1569;4155;118;132;1831;2033;62721;25912;1757;43;13;29433;26;2;27;369;16;2976;1666;80;648;835;63803
13;Samambaia;29;140843;417;56458;29912;117;46;29;3473;71;2164;9401;706;231;5597;6083;114288;36673;2862;37;11;61650;39;5;17;209;15;5613;3086;115;1838;2488;114658
14;Plano Piloto (Asa Norte);31;110413;338;31376;39885;94;25;66;5599;64;2452;5531;145;309;2405;2536;90487;45764;2436;79;32;36650;42;0;51;563;26;3816;2152;188;876;1041;93716
15;Águas Claras;34;168248;515;62390;45991;116;57;50;7531;90;2682;10126;391;305;4463;5027;139219;51649;4235;76;28;70382;42;4;32;567;32;6172;3797;204;1520;1996;140736
16;Ceilândia;57;153471;486;60518;33304;113;24;27;2987;52;2483;10020;851;197;6039;6511;123126;41620;2850;49;19;64215;52;4;16;167;17;6306;3079;120;2048;2727;123289
17;Gama;33;128113;397;46363;32499;92;33;43;3044;66;1983;8884;514;209;4769;5199;103698;38197;2352;24;14;51583;40;5;23;168;11;5483;2375;108;1556;2020;103959
18;São Sebastião;37;134325;440;48818;35332;103;39;30;6266;58;1862;6997;372;220;4264;4405;108766;42538;2923;56;19;52521;30;2;20;414;24;4885;2695;123;1433;1826;109509
19;Taguatinga;30;110085;359;44637;26076;72;22;22;3896;67;1694;6919;343;168;3133;3535;90584;29857;2580;33;12;49317;30;1;9;221;11;3904;2326;104;1011;1395;90811
20;Ceilândia;19;79007;231;30525;18957;60;22;14;1691;25;1337;5155;326;122;2962;3223;64419;22667;1494;21;14;33208;22;3;7;92;8;2926;1584;62;1081;1350;64539
21;Recanto das Emas;29;114106;355;44162;24266;81;27;19;2429;39;1818;7987;506;186;4591;4851;90962;30736;2153;32;18;47332;41;4;14;111;8;4592;2478;115;1574;1984;91192
